BarName,BeerName,Price,
33 Taps,Founders Redâ€™s Rye,8.99,
33 Taps,Foothills Brewing Sexual Chocolate,24.0,
33 Taps,TrÃ¶egs Nugget Nectar,11.75,
33 Taps,Terrapin Wake n Bake,19.99,
33 Taps,Westbrook Gose,17.99,
33 Taps,Deschutes Black Butte Porter,14.25,
33 Taps,Breckenridge Vanilla Porter,28.5,
33 Taps,Sam Adams Boston Lager,26.0,
33 Taps,Three Floyds Dark Lord,9.75,
33 Taps,Hill Farmstead Everett Porter,27.25,
33 Taps,Brooklyn Brewery Lager,14.99,
33 Taps,Left Hand Milk Stout Nitro,8.25,
33 Taps,Dark Horse Plead the 5th,18.25,
33 Taps,Lost Abbey Duck Duck Gooze,19.5,
A.P. Stump's,Stone Enjoy Byâ€¦ IPA,19.75,
A.P. Stump's,Three Floyds Zombie Dust,6.99,
A.P. Stump's,Dale's Pale Ale,10.5,
A.P. Stump's,Jester King Boxerâ€™s Revenge,4.99,
A.P. Stump's,Russian River Supplication,1.75,
A.P. Stump's,Founders Breakfast Stout,4.25,
A.P. Stump's,Boulevard Tank 7,27.0,
A.P. Stump's,Alpine Great,24.0,
A.P. Stump's,Surly Brewing Darkness,28.25,
A.P. Stump's,Avery Mephistopheles Stout,24.99,
A.P. Stump's,Schlafly Pumpkin Ale,0.99,
A.P. Stump's,Foothills Brewing Sexual Chocolate,24.0,
Academia,New Glarus Brewing Serendipity¾,3.75,
Academia,North Coast Old Rasputin,1.5,
Academia,Jolly Pumpkin La Roja,11.75,
Academia,Ballast Point Sculpin,10.5,
Academia,Zima,15.0,
Academia,New Glarus Brewing Serendipity¾,3.75,
Academia,Bellâ€™s Hop Slam,24.25,
Academia,Dogfish Head 90 Minute IPA,22.99,
Altitude Sky Lounge,Surly Brewing Darkness,28.25,
Altitude Sky Lounge,Dark Horse Plead the 5th,18.25,
Altitude Sky Lounge,Capital Autumnal Fire Doppelbock,10.25,
Altitude Sky Lounge,New Holland Dragonâ€™s Milk,4.75,
Altitude Sky Lounge,Bellâ€™s Two Hearted,17.99,
Altitude Sky Lounge,Hill Farmstead Abner,7.5,
Altitude Sky Lounge,Perennial Artisan Ales Abraxas Imperial Stout,10.5,
Altitude Sky Lounge,Avery Mephistopheles Stout,24.99,
Altitude Sky Lounge,Highland Cold Mountain Winter Ale,0.25,
Altitude Sky Lounge,Odell 90 Shilling Ale,27.75,
Altitude Sky Lounge,Russian River Pliny the Elder,18.25,
Altitude Sky Lounge,Alpine Great,24.0,
Altitude Sky Lounge,Original Premium Lager,15.5,
Anvil Bar & Refuge,Samuel Adams Utopias,17.75,
Anvil Bar & Refuge,Hefeweizen Doppelbock,10.5,
Anvil Bar & Refuge,AleSmith Horny Devil,26.75,
Anvil Bar & Refuge,Upslope Brown Ale,28.25,
Anvil Bar & Refuge,Bellâ€™s Two Hearted,17.99,
Anvil Bar & Refuge,Blue Moon,18.5,
Anvil Bar & Refuge,Widmer Brothers Hefeweizen,25.25,
Anvil Bar & Refuge,Wild Heaven Eschaton,4.5,
Anvil Bar & Refuge,Blue Moon,18.5,
Anvil Bar & Refuge,Blue Moon,18.5,
Anvil Bar & Refuge,Original Premium Lager Dog,5.25,
Anvil Bar & Refuge,Three Floyds Dark Lord,9.75,
Anvil Bar & Refuge,Southpaw Light,8.0,
Anvil Bar & Refuge,Funky Buddha Maple Bacon Coffee Porter,22.75,
Anvil Bar & Refuge,Original Premium Lager Dog,5.25,
Anvil Bar & Refuge,Boulevard Tank 7,27.0,
Anvil Bar & Refuge,Hefeweizen Doppelbock,10.5,
Anvil Bar & Refuge,Wicked Weed Serenity,4.75,
Attaboy,Perennial Artisan Ales Abraxas Imperial Stout,10.5,
Attaboy,Zima Citrus,6.99,
Attaboy,Jolly Pumpkin La Roja,11.75,
Attaboy,Hill Farmstead Everett Porter,27.25,
Attaboy,Founders Redâ€™s Rye,8.99,
Attaboy,Samuel Adams Utopias,17.75,
Attaboy,Funky Buddha Maple Bacon Coffee Porter,22.75,
Attaboy,DC Brau On the Wings Of Armageddon,14.99,
Attaboy,Firestone Walker Union Jack IPA,17.5,
Attaboy,Stone IPA,21.75,
B.D. Riley's,Breckenridge Vanilla Porter,28.5,
B.D. Riley's,Russian River Pliny the Elder,18.25,
B.D. Riley's,Allagash White,28.75,
B.D. Riley's,Half Acre Daisy Cutter,2.0,
B.D. Riley's,Original Premium Lager,15.5,
B.D. Riley's,Samuel Adams Utopias,17.75,
B.D. Riley's,Dark Horse Plead the 5th,18.25,
B.D. Riley's,Jester King Boxerâ€™s Revenge,4.99,
B.D. Riley's,The Bruery Saison Rue,1.99,
B.D. Riley's,21st Amendment Bitter American¾,28.99,
BackBar,Michelob Golden Draft,1.99,
BackBar,Toppling Goliath PseudoSue,21.0,
BackBar,Killian's,11.25,
BackBar,Brewery Ommegang Three Philosophers,5.5,
BackBar,Stone IPA,21.75,
BackBar,Avery Rumpkin,23.0,
BackBar,Creamy Dark,28.25,
BackBar,Smuttynose Finest Kind IPA,14.75,
BackBar,Foothills Brewing Sexual Chocolate,24.0,
BackBar,Founders Breakfast Stout,4.25,
BackBar,Hair of the Dog Adam,16.5,
BackBar,Half Acre Daisy Cutter,2.0,
BackBar,Anchor Steam Beer,14.99,
Bar Agricole,DC Brau On the Wings Of Armageddon,14.99,
Bar Agricole,Founders Breakfast Stout,4.25,
Bar Agricole,Three Floyds Zombie Dust,6.99,
Bar Agricole,Michelob ULTRA,10.75,
Bar Agricole,Brooklyn Brewery Lager,14.99,
Bar Agricole,Saint Arnold Fancy Lawnmower,0.0,
Bar Agricole,Widmer Brothers Hefeweizen,25.25,
Bar Agricole,Toppling Goliath PseudoSue,21.0,
Bar Agricole,Pipeworks Citra,29.25,
Bar Agricole,New Belgium Lips of Faith La Folie,17.5,
Bar Agricole,Avery Mephistopheles Stout,24.99,
Bar Agricole,Smuttynose Finest Kind IPA,14.75,
Bar Agricole,The Bruery Saison Rue,1.99,
Bar Agricole,Founders KBS (Kentucky Breakfast Stout),4.99,
Bar Agricole,Great Lakes Edmund Fitzgerald Porter,9.25,
Bar Agricole,New Belgium Fat Tire,1.75,
Bar Crudo ,Victory Prima Pils,2.0,
Bar Crudo ,Firestone Walker Wookey Jack,5.0,
Bar Crudo ,Creamy Dark,28.25,
Bar Crudo ,Clown Shoes Undead Party Crasher,7.75,
Bar Crudo ,Founders KBS (Kentucky Breakfast Stout),4.99,
Bar Crudo ,Russian River Supplication,1.75,
Bar Crudo ,Green Flash Palate Wrecker,3.0,
Bar Crudo ,Deschutes Black Butte Porter,14.25,
Bar Crudo ,The Bruery Saison Rue,1.99,
Bar Goto,Avery Mephistopheles Stout,24.99,
Bar Goto,TrÃ¶egs Nugget Nectar,11.75,
Bar Goto,Avery Rumpkin,23.0,
Bar Goto,Hair of the Dog Adam,16.5,
Bar Goto,Upslope Brown Ale,28.25,
Bar Goto,Russian River Supplication,1.75,
Bar Goto,Jai Alai IPA,22.0,
Bar Goto,Lagunitas IPA,20.0,
Bar Goto,Westbrook Gose,17.99,
Bar Goto,Saint Arnold Fancy Lawnmower,0.0,
Barnacle Bar,Westbrook Mexican Cake,29.25,
Barnacle Bar,NoDa Hop Drop n Roll,18.0,
Barnacle Bar,Hill Farmstead Everett Porter,27.25,
Barnacle Bar,Victory Prima Pils,2.0,
Barnacle Bar,Dogfish Head 90 Minute IPA,22.99,
Barnacle Bar,The Bruery Sans Pagaie,25.99,
Barnacle Bar,Alpine Duet IPA,11.5,
Barnacle Bar,Widmer Brothers Hefeweizen,25.25,
Barnacle Bar,Dale's Pale Ale,10.5,
Barnacle Bar,Westbrook Gose,17.99,
Barnacle Bar,Lost Abbey Duck Duck Gooze,19.5,
Barnacle Bar,Goose Island Bourbon County Stout,28.99,
Barnacle Bar,Brewery Ommegang Three Philosophers,5.5,
Barnacle Bar,Stone IPA,21.75,
Beach Tree Bar,Great Lakes Edmund Fitzgerald Porter,9.25,
Beach Tree Bar,Stone Enjoy Byâ€¦ IPA,19.75,
Beach Tree Bar,Lost Abbey Duck Duck Gooze,19.5,
Beach Tree Bar,Stolichnaya Citrona,6.75,
Beach Tree Bar,Stone Enjoy Byâ€¦ IPA,19.75,
Beach Tree Bar,Terrapin Wake n Bake,19.99,
Beach Tree Bar,Founders Redâ€™s Rye,8.99,
Beach Tree Bar,Avery Uncle Jacobâ€™s Stout,24.75,
Beach Tree Bar,Great Divide Yeti,1.0,
Beach Tree Bar,Southpaw Light,8.0,
Beach Tree Bar,Lost Abbey Duck Duck Gooze,19.5,
Big Bar,Westbrook Gose,17.99,
Big Bar,Budweiser,1.25,
Big Bar,Odell 90 Shilling Ale,27.75,
Big Bar,Zima Citrus,6.99,
Big Bar,Russian River Supplication,1.75,
Big Bar,Stone IPA,21.75,
Big Bar,Jolly Pumpkin La Roja,11.75,
Big Bar,Widmer Brothers Hefeweizen,25.25,
Big Bar,Saint Arnold Fancy Lawnmower,0.0,
Big Bar,Bud,16.75,
Big Bar,Rogue Shakespeare Oatmeal Stout,14.5,
Big Bar,Hill Farmstead Abner,7.5,
Big Bar,Southpaw Light,8.0,
Big Bar,New Belgium Fat Tire,1.75,
Big Bar,Creamy Dark,28.25,
Big Bar,Killian's,11.25,
Big Bar,Breckenridge Vanilla Porter,28.5,
Big Bar,Cigar City Hanaphu Imperial Stout,2.75,
Billy Sunday,Hefeweizen Doppelbock,10.5,
Billy Sunday,Deschutes Black Butte Porter,14.25,
Billy Sunday,Odell 90 Shilling Ale,27.75,
Billy Sunday,Allagash White,28.75,
Billy Sunday,Gigantic IPA,12.0,
Billy Sunday,Founders Redâ€™s Rye,8.99,
Billy Sunday,Bellâ€™s Hop Slam,24.25,
Billy Sunday,Wild Heaven Eschaton,4.5,
Billy Sunday,Fullsteam Carver,19.0,
Billy Sunday,Sauza Diablo,18.75,
Bit House Saloon,Sierra Nevada Pale Ale,8.75,
Bit House Saloon,Three Floyds Dark Lord,9.75,
Bit House Saloon,Jai Alai IPA,22.0,
Bit House Saloon,Brewery Ommegang Three Philosophers,5.5,
Bit House Saloon,Stolichnaya Citrona,6.75,
Bit House Saloon,New Belgium Lips of Faith La Folie,17.5,
Bit House Saloon,Avery Mephistopheles Stout,24.99,
Bit House Saloon,Russian River Supplication,1.75,
Bit House Saloon,Lagunitas Brown Shugga,0.25,
Bit House Saloon,North Coast Old Rasputin,1.5,
Bit House Saloon,Odell 90 Shilling Ale,27.75,
Bit House Saloon,Zima,15.0,
Bit House Saloon,Anchor Steam Beer,14.99,
BlackTail,Sauza Diablo,18.75,
BlackTail,Breckenridge Vanilla Porter,28.5,
BlackTail,Foothills Brewing Sexual Chocolate,24.0,
BlackTail,Dale's Pale Ale,10.5,
BlackTail,The Alchemist Focal Banger,13.0,
BlackTail,Avery Rumpkin,23.0,
BlackTail,Creamy Dark,28.25,
BlackTail,Saint Arnold Fancy Lawnmower,0.0,
BlackTail,Sam Adams Boston Lager,26.0,
BlackTail,Westbrook Mexican Cake,29.25,
BlackTail,Original Premium,11.25,
BlackTail,Troegs Mad Elf,7.0,
BlackTail,New Holland Dragonâ€™s Milk,4.75,
BlackTail,Avery Uncle Jacobâ€™s Stout,24.75,
BlackTail,Schlafly Pumpkin Ale,0.99,
Blackberry Farm,Budweiser,1.25,
Blackberry Farm,Upslope Brown Ale,28.25,
Blackberry Farm,Deschutes Black Butte Porter,14.25,
Blackberry Farm,The Alchemist Heady Topper,14.5,
Blackberry Farm,NoDa Hop Drop n Roll,18.0,
Blackberry Farm,The Bruery Saison Rue,1.99,
Blackberry Farm,Creamy Dark,28.25,
Blackberry Farm,Wicked Weed Serenity,4.75,
Blackberry Farm,Goose Island Bourbon County Stout,28.99,
Blue Angel,Smuttynose Finest Kind IPA,14.75,
Blue Angel,ICEHOUSE,11.75,
Blue Angel,Highland Cold Mountain Winter Ale,0.25,
Blue Angel,ICEHOUSE,11.75,
Blue Angel,Victory Prima Pils,2.0,
Blue Angel,Zima Citrus,6.99,
Blue Angel,Original Premium,11.25,
Blue Angel,Firestone Walker Wookey Jack,5.0,
Blue Angel,Bellâ€™s Two Hearted,17.99,
Blue Angel,Odell 90 Shilling Ale,27.75,
Blue Angel,Avery Rumpkin,23.0,
Blue Angel,Jai Alai IPA,22.0,
Blue Angel,Gigantic IPA,12.0,
Blue Angel,Foothills Brewing Sexual Chocolate,24.0,
Blue Angel,Deschutes Black Butte Porter,14.25,
Blue Angel,DC Brau On the Wings Of Armageddon,14.99,
Blue Angel,Foothills Brewing Sexual Chocolate,24.0,
Blue Tattoo,Wicked Weed Serenity,4.75,
Blue Tattoo,Revolution Anti-Hero IPA,23.75,
Blue Tattoo,Three Floyds Dark Lord,9.75,
Blue Tattoo,New Glarus Brewing Serendipity¾,3.75,
Blue Tattoo,Samuel Adams Utopias,17.75,
Blue Tattoo,Creamy Dark,28.25,
Blue Tattoo,Great Lakes Edmund Fitzgerald Porter,9.25,
Blue Tattoo,Wild Heaven Eschaton,4.5,
Blue Tattoo,Great Divide Yeti,1.0,
Blue Tattoo,Bellâ€™s Two Hearted,17.99,
Blue Tattoo,Westbrook Gose,17.99,
Blue Tattoo,Founders Breakfast Stout,4.25,
Blue Tattoo,21st Amendment Bitter American¾,28.99,
Blue Tattoo,Founders KBS (Kentucky Breakfast Stout),4.99,
Blue Tattoo,Lost Abbey Duck Duck Gooze,19.5,
Blue Tattoo,Russian River Pliny the Elder,18.25,
Blue Tattoo,Surly Brewing Darkness,28.25,
Blue Tattoo,Southpaw Light,8.0,
Blue Tattoo,Cigar City Hanaphu Imperial Stout,2.75,
Britannia Arms,Avery Mephistopheles Stout,24.99,
Britannia Arms,Terrapin Wake n Bake,19.99,
Britannia Arms,Brewery Ommegang Three Philosophers,5.5,
Britannia Arms,Boulevard Tank 7,27.0,
Britannia Arms,Michelob Amber Bock,3.25,
Britannia Arms,Cascade Brewing Apricot Ale,2.75,
Britannia Arms,Allagash White,28.75,
Britannia Arms,Avery Mephistopheles Stout,24.99,
Britannia Arms,Lagunitas IPA,20.0,
Britannia Arms,Clown Shoes Undead Party Crasher,7.75,
Britannia Arms,Goose Island Bourbon County Stout,28.99,
Britannia Arms,The Alchemist Heady Topper,14.5,
Britannia Arms,The Bruery Saison Rue,1.99,
Britannia Arms,Three Floyds Zombie Dust,6.99,
Britannia Arms,New Belgium Lips of Faith La Folie,17.5,
Broken Shaker,21st Amendment Bitter American¾,28.99,
Broken Shaker,Three Floyds Dark Lord,9.75,
Broken Shaker,Bellâ€™s Hop Slam,24.25,
Broken Shaker,ICEHOUSE,11.75,
Broken Shaker,Cigar City Hanaphu Imperial Stout,2.75,
Broken Shaker,Troegs Mad Elf,7.0,
Broken Shaker,Highland Cold Mountain Winter Ale,0.25,
Broken Shaker,Michelob ULTRA,10.75,
Broken Shaker,New Belgium Lips of Faith La Folie,17.5,
Broken Shaker,Breckenridge Vanilla Porter,28.5,
Broken Shaker,Lagunitas Brown Shugga,0.25,
Broken Shaker,Dale's Pale Ale,10.5,
Broken Shaker,Russian River Pliny the Elder,18.25,
Broken Shaker,New Belgium Fat Tire,1.75,
Broken Shaker,Victory Prima Pils,2.0,
Cabana,Dale's Pale Ale,10.5,
Cabana,The Alchemist Focal Banger,13.0,
Cabana,Ten Fidy,0.0,
Cabana,Dale's Pale Ale,10.5,
Cabana,Brooklyn Brewery Lager,14.99,
Cabana,Killian's,11.25,
Cabana,21st Amendment Bitter American¾,28.99,
Cabana,Jolly Pumpkin La Roja,11.75,
Cabana,Bellâ€™s Hop Slam,24.25,
Cabana,Firestone Walker Parabola,6.99,
Cabana,Russian River Pliny the Elder,18.25,
Cabana,ICEHOUSE,11.75,
Cabana,New Holland Dragonâ€™s Milk,4.75,
Cabana,North Coast Old Rasputin,1.5,
Cannon,Westbrook Mexican Cake,29.25,
Cannon,Sierra Nevada Bigfoot Barleywine-Style Ale,9.75,
Cannon,Victory Prima Pils,2.0,
Cannon,Russian River Blind Pig IPA,16.99,
Cannon,Terrapin Wake n Bake,19.99,
Cannon,Jolly Pumpkin La Roja,11.75,
Cannon,The Alchemist Focal Banger,13.0,
Cannon,Alpine Duet IPA,11.5,
Cannon,Michelob Amber Bock,3.25,
Cannon,Jolly Pumpkin La Roja,11.75,
Caravan,Budweiser,1.25,
Caravan,Allagash Curieux,20.5,
Caravan,Surly Brewing Darkness,28.25,
Caravan,Widmer Brothers Hefeweizen,25.25,
Caravan,Brooklyn Brewery Lager,14.99,
Caravan,New Glarus Brewing Serendipity¾,3.75,
Caravan,NoDa Hop Drop n Roll,18.0,
Caravan,NoDa Hop Drop n Roll,18.0,
Caravan,Terrapin Wake n Bake,19.99,
Caravan,Michelob Amber Bock,3.25,
Caravan,Toppling Goliath PseudoSue,21.0,
Caravan,Firestone Walker Wookey Jack,5.0,
Caravan,Extra Gold,19.25,
Charlie Was A Sinner,Victory Prima Pils,2.0,
Charlie Was A Sinner,Great Lakes Edmund Fitzgerald Porter,9.25,
Charlie Was A Sinner,Lagunitas IPA,20.0,
Charlie Was A Sinner,Green Flash Hop Head Red,24.0,
Charlie Was A Sinner,Saint Arnold Fancy Lawnmower,0.0,
Charlie Was A Sinner,Sierra Nevada Bigfoot Barleywine-Style Ale,9.75,
Charlie Was A Sinner,Anchor Steam Beer,14.99,
Charlie Was A Sinner,Zima,15.0,
Charlie Was A Sinner,Zima Citrus,6.99,
Charlie Was A Sinner,Firestone Walker Union Jack IPA,17.5,
Charlie Was A Sinner,Kern River Brewing Citra DIPA,20.75,
Charlie Was A Sinner,Cigar City Hanaphu Imperial Stout,2.75,
Charlie Was A Sinner,Firestone Walker Union Jack IPA,17.5,
Clover Club,AleSmith Horny Devil,26.75,
Clover Club,Toppling Goliath PseudoSue,21.0,
Clover Club,Craftsman Cabernale,27.0,
Clover Club,Great Divide Yeti,1.0,
Clover Club,Troegs Mad Elf,7.0,
Clover Club,Alpine Duet IPA,11.5,
Clover Club,Gigantic IPA,12.0,
Clover Club,ICEHOUSE,11.75,
Clover Club,Anchor Steam Beer,14.99,
Clover Club,Brooklyn Brewery Lager,14.99,
Clover Club,Original Premium Lager,15.5,
Clover Club,Great Divide Yeti,1.0,
Clover Club,Ballast Point Sculpin,10.5,
Club 175,Westbrook Mexican Cake,29.25,
Club 175,Left Hand Milk Stout Nitro,8.25,
Club 175,Allagash Curieux,20.5,
Club 175,Fullsteam Carver,19.0,
Club 175,Gigantic IPA,12.0,
Club 175,Toppling Goliath PseudoSue,21.0,
Club 175,Fullsteam Carver,19.0,
Club 175,New Holland Dragonâ€™s Milk,4.75,
Club No Minors,Stone IPA,21.75,
Club No Minors,Allagash Curieux,20.5,
Club No Minors,Westbrook Mexican Cake,29.25,
Club No Minors,Westbrook Gose,17.99,
Club No Minors,Hill Farmstead Everett Porter,27.25,
Club No Minors,Troegs Mad Elf,7.0,
Club No Minors,Pipeworks Citra,29.25,
Club No Minors,Sauza Diablo,18.75,
Club No Minors,Hair of the Dog Adam,16.5,
Club No Minors,Samuel Adams Utopias,17.75,
Club No Minors,TrÃ¶egs Nugget Nectar,11.75,
Club No Minors,Wild Heaven Eschaton,4.5,
Clyde Common,Clown Shoes Undead Party Crasher,7.75,
Clyde Common,Russian River Blind Pig IPA,16.99,
Clyde Common,Wicked Weed Serenity,4.75,
Clyde Common,Firestone Walker Velvet Merkin¾,9.75,
Clyde Common,DC Brau On the Wings Of Armageddon,14.99,
Clyde Common,Brewery Ommegang Three Philosophers,5.5,
Clyde Common,Allagash White,28.75,
Clyde Common,New Belgium Fat Tire,1.75,
Clyde Common,Hill Farmstead Everett Porter,27.25,
Clyde Common,Gigantic IPA,12.0,
Clyde Common,Sierra Nevada Bigfoot Barleywine-Style Ale,9.75,
Clyde Common,Jester King Boxerâ€™s Revenge,4.99,
Clyde Common,Brooklyn Brewery Lager,14.99,
Clyde Common,Hill Farmstead Abner,7.5,
Coconut Willie's Cocktail Lounge,Firestone Walker Velvet Merkin¾,9.75,
Coconut Willie's Cocktail Lounge,Southpaw Light,8.0,
Coconut Willie's Cocktail Lounge,New Glarus Brewing Serendipity¾,3.75,
Coconut Willie's Cocktail Lounge,Bud,16.75,
Coconut Willie's Cocktail Lounge,Dale's Pale Ale,10.5,
Coconut Willie's Cocktail Lounge,Cigar City Hanaphu Imperial Stout,2.75,
Coconut Willie's Cocktail Lounge,Stone Enjoy Byâ€¦ IPA,19.75,
Coconut Willie's Cocktail Lounge,Bellâ€™s Two Hearted,17.99,
Coconut Willie's Cocktail Lounge,Avery Uncle Jacobâ€™s Stout,24.75,
Coconut Willie's Cocktail Lounge,Michelob Golden Draft,1.99,
Coconut Willie's Cocktail Lounge,Surly Brewing Darkness,28.25,
Coconut Willie's Cocktail Lounge,Creamy Dark,28.25,
Coconut Willie's Cocktail Lounge,21st Amendment Bitter American¾,28.99,
Coconut Willie's Cocktail Lounge,Avery Uncle Jacobâ€™s Stout,24.75,
Coconut Willie's Cocktail Lounge,New Glarus Brewing Serendipity¾,3.75,
Dante,Hefeweizen,16.75,
Dante,Wicked Weed Serenity,4.75,
Dante,TrÃ¶egs Nugget Nectar,11.75,
Dante,Lagunitas Brown Shugga,0.25,
Dante,Allagash Curieux,20.5,
Daquiri Time Out,Hair of the Dog Adam,16.5,
Daquiri Time Out,Russian River Blind Pig IPA,16.99,
Daquiri Time Out,Left Hand Milk Stout Nitro,8.25,
Daquiri Time Out,Original Premium,11.25,
Daquiri Time Out,Ten Fidy,0.0,
Daquiri Time Out,Sierra Nevada Pale Ale,8.75,
Daquiri Time Out,Highland Cold Mountain Winter Ale,0.25,
Daquiri Time Out,Fullsteam Carver,19.0,
Death + Company,Michelob Amber Bock,3.25,
Death + Company,Upslope Brown Ale,28.25,
Death + Company,The Alchemist Heady Topper,14.5,
Death + Company,Saint Arnold Fancy Lawnmower,0.0,
Death + Company,Gigantic IPA,12.0,
Death + Company,Three Floyds Zombie Dust,6.99,
Death + Company,DC Brau On the Wings Of Armageddon,14.99,
Death + Company,Russian River Supplication,1.75,
Death + Company,Samuel Adams Utopias,17.75,
Death + Company,Russian River Pliny the Elder,18.25,
Death + Company,Brewery Ommegang Three Philosophers,5.5,
Death + Company,21st Amendment Bitter American¾,28.99,
Diamond Reef,Victory Prima Pils,2.0,
Diamond Reef,Widmer Brothers Hefeweizen,25.25,
Diamond Reef,New Belgium Fat Tire,1.75,
Diamond Reef,Breckenridge Vanilla Porter,28.5,
Diamond Reef,Left Hand Milk Stout Nitro,8.25,
Diamond Reef,Gigantic IPA,12.0,
Diamond Reef,Jester King Boxerâ€™s Revenge,4.99,
Diamond Reef,Green Flash Hop Head Red,24.0,
Distil,Alpine Duet IPA,11.5,
Distil,Avery Rumpkin,23.0,
Distil,New Belgium Lips of Faith La Folie,17.5,
Distil,Anchor Steam Beer,14.99,
Distil,Green Flash Palate Wrecker,3.0,
Distil,Michelob Golden Draft,1.99,
Distil,Haymarket Angry Birds Rye IPA,26.75,
Distil,Original Premium Lager Dog,5.25,
Distil,Hill Farmstead Abner,7.5,
Distil,Brewery Ommegang Three Philosophers,5.5,
Distil,Upslope Brown Ale,28.25,
Distil,Jolly Pumpkin La Roja,11.75,
Distil,Russian River Blind Pig IPA,16.99,
Donna,Great Divide Yeti,1.0,
Donna,Troegs Mad Elf,7.0,
Donna,Foothills Brewing Sexual Chocolate,24.0,
Donna,Original Premium Lager Dog,5.25,
Donna,ICEHOUSE,11.75,
Donna,Firestone Walker Parabola,6.99,
Donna,Firestone Walker Parabola,6.99,
Donna,Stolichnaya Citrona,6.75,
Donna,Lagunitas IPA,20.0,
Donna,AleSmith Horny Devil,26.75,
Dram & Grain,Kern River Brewing Citra DIPA,20.75,
Dram & Grain,Upslope Brown Ale,28.25,
Dram & Grain,Michelob Amber Bock,3.25,
Dram & Grain,Kern River Brewing Citra DIPA,20.75,
Dram & Grain,The Alchemist Heady Topper,14.5,
Dram & Grain,Founders KBS (Kentucky Breakfast Stout),4.99,
Dram & Grain,Hair of the Dog Adam,16.5,
Dram & Grain,Pipeworks Citra,29.25,
Dram & Grain,Three Floyds Dark Lord,9.75,
Dram & Grain,Firestone Walker Velvet Merkin¾,9.75,
Dutch Kills,Great Lakes Edmund Fitzgerald Porter,9.25,
Dutch Kills,Fullsteam Carver,19.0,
Dutch Kills,Lost Abbey Duck Duck Gooze,19.5,
Dutch Kills,NoDa Hop Drop n Roll,18.0,
Dutch Kills,AleSmith Horny Devil,26.75,
Dutch Kills,Half Acre Daisy Cutter,2.0,
Dutch Kills,Avery Uncle Jacobâ€™s Stout,24.75,
Dutch Kills,Widmer Brothers Hefeweizen,25.25,
Dutch Kills,Bud,16.75,
Dutch Kills,Kern River Brewing Citra DIPA,20.75,
Dutch Kills,Zima,15.0,
Dutch Kills,Original Premium,11.25,
Dutch Kills,Hill Farmstead Abner,7.5,
Dutch Kills,Terrapin Wake n Bake,19.99,
Dutch Kills,Goose Island Bourbon County Stout,28.99,
Dutch Kills,DC Brau On the Wings Of Armageddon,14.99,
Employees Only,Hill Farmstead Everett Porter,27.25,
Employees Only,Extra Gold,19.25,
Employees Only,North Coast Old Rasputin,1.5,
Employees Only,Dark Horse Plead the 5th,18.25,
Employees Only,Jai Alai IPA,22.0,
Employees Only,21st Amendment Bitter American¾,28.99,
Employees Only,Hill Farmstead Abner,7.5,
Employees Only,Jolly Pumpkin La Roja,11.75,
Employees Only,Hill Farmstead Everett Porter,27.25,
Employees Only,Firestone Walker Wookey Jack,5.0,
Employees Only,Three Floyds Zombie Dust,6.99,
Employees Only,Kern River Brewing Citra DIPA,20.75,
Employees Only,Upslope Brown Ale,28.25,
Employees Only,Hill Farmstead Abner,7.5,
Employees Only,Perennial Artisan Ales Abraxas Imperial Stout,10.5,
Employees Only,Russian River Pliny the Elder,18.25,
Eulipia,Dale's Pale Ale,10.5,
Eulipia,Budweiser,1.25,
Eulipia,Funky Buddha Maple Bacon Coffee Porter,22.75,
Eulipia,Sierra Nevada Bigfoot Barleywine-Style Ale,9.75,
Eulipia,Alpine Duet IPA,11.5,
Eulipia,The Bruery Saison Rue,1.99,
Eulipia,Michelob Amber Bock,3.25,
Everson Royce Bar,Westbrook Gose,17.99,
Everson Royce Bar,Hefeweizen,16.75,
Everson Royce Bar,Zima,15.0,
Everson Royce Bar,Alpine Duet IPA,11.5,
Everson Royce Bar,Great Divide Yeti,1.0,
Everson Royce Bar,Rogue Shakespeare Oatmeal Stout,14.5,
Everson Royce Bar,Toppling Goliath PseudoSue,21.0,
Everson Royce Bar,Samuel Adams Utopias,17.75,
Everson Royce Bar,Lagunitas IPA,20.0,
Everson Royce Bar,Three Floyds Dark Lord,9.75,
Everson Royce Bar,Hair of the Dog Adam,16.5,
Everson Royce Bar,Fullsteam Carver,19.0,
French 75,Russian River Supplication,1.75,
French 75,Hefeweizen,16.75,
French 75,Brooklyn Brewery Lager,14.99,
French 75,Three Floyds Dark Lord,9.75,
French 75,Allagash Curieux,20.5,
French 75,Wild Heaven Eschaton,4.5,
French 75,Stolichnaya Citrona,6.75,
French 75,Hefeweizen,16.75,
French 75,Boulevard Tank 7,27.0,
French 75,Firestone Walker Velvet Merkin¾,9.75,
French 75,Original Premium,11.25,
French 75,Zima,15.0,
French 75,Jai Alai IPA,22.0,
French 75,Alpine Duet IPA,11.5,
French 75,Firestone Walker Parabola,6.99,
Galaxie,Kern River Brewing Citra DIPA,20.75,
Galaxie,Lost Abbey Duck Duck Gooze,19.5,
Galaxie,Avery Rumpkin,23.0,
Galaxie,New Belgium Lips of Faith La Folie,17.5,
Galaxie,The Alchemist Heady Topper,14.5,
Galaxie,Hill Farmstead Everett Porter,27.25,
Galaxie,Firestone Walker Union Jack IPA,17.5,
Galaxie,Samuel Adams Utopias,17.75,
Galaxie,Wicked Weed Serenity,4.75,
Galaxie,Widmer Brothers Hefeweizen,25.25,
Gecko Grill,Funky Buddha Maple Bacon Coffee Porter,22.75,
Gecko Grill,ICEHOUSE,11.75,
Gecko Grill,Ballast Point Sculpin,10.5,
Gecko Grill,Bud,16.75,
Gecko Grill,Fullsteam Carver,19.0,
Gecko Grill,Odell 90 Shilling Ale,27.75,
Gecko Grill,Bud,16.75,
Gecko Grill,Firestone Walker Union Jack IPA,17.5,
Gecko Grill,Haymarket Angry Birds Rye IPA,26.75,
Gecko Grill,Left Hand Milk Stout Nitro,8.25,
Gecko Grill,Green Flash Hop Head Red,24.0,
Gecko Grill,Cascade Brewing Apricot Ale,2.75,
Gecko Grill,New Belgium Lips of Faith La Folie,17.5,
George & Dragon,The Bruery Sans Pagaie,25.99,
George & Dragon,Bud,16.75,
George & Dragon,Bellâ€™s Two Hearted,17.99,
George & Dragon,Founders Breakfast Stout,4.25,
George & Dragon,Westbrook Gose,17.99,
George & Dragon,Dale's Pale Ale,10.5,
George & Dragon,Bellâ€™s Two Hearted,17.99,
George & Dragon,Southpaw Light,8.0,
George & Dragon,Hill Farmstead Abner,7.5,
George & Dragon,Avery Uncle Jacobâ€™s Stout,24.75,
George & Dragon,Extra Gold,19.25,
George & Dragon,Goose Island Bourbon County Stout,28.99,
George & Dragon,21st Amendment Bitter American¾,28.99,
George & Dragon,Russian River Pliny the Elder,18.25,
Giza Hookah Lounge,Bud,16.75,
Giza Hookah Lounge,Hefeweizen Doppelbock,10.5,
Giza Hookah Lounge,Russian River Pliny the Elder,18.25,
Giza Hookah Lounge,New Holland Dragonâ€™s Milk,4.75,
Giza Hookah Lounge,Sauza Diablo,18.75,
Giza Hookah Lounge,Left Hand Milk Stout Nitro,8.25,
Giza Hookah Lounge,Avery Uncle Jacobâ€™s Stout,24.75,
Giza Hookah Lounge,Alpine Great,24.0,
Giza Hookah Lounge,Clown Shoes Undead Party Crasher,7.75,
Goodnight Gracie Jazz & Martini Bar,Kern River Brewing Citra DIPA,20.75,
Goodnight Gracie Jazz & Martini Bar,AleSmith Horny Devil,26.75,
Goodnight Gracie Jazz & Martini Bar,Pipeworks Citra,29.25,
Goodnight Gracie Jazz & Martini Bar,Founders Redâ€™s Rye,8.99,
Goodnight Gracie Jazz & Martini Bar,Sauza Diablo,18.75,
Goodnight Gracie Jazz & Martini Bar,Extra Gold,19.25,
Goodnight Gracie Jazz & Martini Bar,Half Acre Daisy Cutter,2.0,
Goodnight Gracie Jazz & Martini Bar,Cigar City Hanaphu Imperial Stout,2.75,
Goodnight Gracie Jazz & Martini Bar,Hill Farmstead Abner,7.5,
Goodnight Gracie Jazz & Martini Bar,Ballast Point Sculpin,10.5,
Goodnight Gracie Jazz & Martini Bar,Three Floyds Zombie Dust,6.99,
Goodnight Gracie Jazz & Martini Bar,Stone Enjoy Byâ€¦ IPA,19.75,
Goodnight Gracie Jazz & Martini Bar,Cascade Brewing Apricot Ale,2.75,
Goodnight Gracie Jazz & Martini Bar,Perennial Artisan Ales Abraxas Imperial Stout,10.5,
Goodnight Gracie Jazz & Martini Bar,Brooklyn Brewery Lager,14.99,
Goodnight Gracie Jazz & Martini Bar,NoDa Hop Drop n Roll,18.0,
Goodnight Gracie Jazz & Martini Bar,Michelob ULTRA,10.75,
Goodnight Gracie Jazz & Martini Bar,Surly Brewing Darkness,28.25,
Goodnight Gracie Jazz & Martini Bar,Firestone Walker Wookey Jack,5.0,
Goodnight Gracie Jazz & Martini Bar,New Holland Dragonâ€™s Milk,4.75,
Half Step,21st Amendment Bitter American¾,28.99,
Half Step,Founders KBS (Kentucky Breakfast Stout),4.99,
Half Step,Creamy Dark,28.25,
Half Step,Fullsteam Carver,19.0,
Half Step,Westbrook Mexican Cake,29.25,
Half Step,Original Premium Lager Dog,5.25,
Half Step,Boulevard Tank 7,27.0,
Half Step,Half Acre Daisy Cutter,2.0,
Half Step,Michelob Amber Bock,3.25,
Half Step,Zima Citrus,6.99,
Half Step,Sauza Diablo,18.75,
Half Step,Great Lakes Edmund Fitzgerald Porter,9.25,
Half Step,Schlafly Pumpkin Ale,0.99,
Half Step,Great Lakes Edmund Fitzgerald Porter,9.25,
Half Step,Gigantic IPA,12.0,
Half Step,Founders Redâ€™s Rye,8.99,
Half Step,Michelob Golden Draft Light,27.75,
Hedley Club,Alpine Great,24.0,
Hedley Club,Pipeworks Citra,29.25,
Hedley Club,Kern River Brewing Citra DIPA,20.75,
Hedley Club,Creamy Dark,28.25,
Hedley Club,Michelob Amber Bock,3.25,
Hedley Club,Budweiser,1.25,
Hedley Club,Hill Farmstead Abner,7.5,
Hedley Club,Highland Cold Mountain Winter Ale,0.25,
Hedley Club,Upslope Brown Ale,28.25,
Hedley Club,Upslope Brown Ale,28.25,
Hedley Club,Original Premium Lager,15.5,
Hedley Club,Budweiser,1.25,
Hedley Club,Clown Shoes Undead Party Crasher,7.75,
Hedley Club,Avery Rumpkin,23.0,
Holeman & Finch Public House,Bellâ€™s Two Hearted,17.99,
Holeman & Finch Public House,The Alchemist Heady Topper,14.5,
Holeman & Finch Public House,DC Brau On the Wings Of Armageddon,14.99,
Holeman & Finch Public House,Allagash Curieux,20.5,
Holeman & Finch Public House,Half Acre Daisy Cutter,2.0,
Holeman & Finch Public House,New Belgium Fat Tire,1.75,
Holeman & Finch Public House,New Belgium Fat Tire,1.75,
Holeman & Finch Public House,Westbrook Mexican Cake,29.25,
Holeman & Finch Public House,Bellâ€™s Hop Slam,24.25,
Holeman & Finch Public House,Foothills Brewing Sexual Chocolate,24.0,
Holeman & Finch Public House,New Belgium Fat Tire,1.75,
Holeman & Finch Public House,Half Acre Daisy Cutter,2.0,
Holeman & Finch Public House,Wild Heaven Eschaton,4.5,
Holeman & Finch Public House,Gigantic IPA,12.0,
Il Fornaio,Toppling Goliath PseudoSue,21.0,
Il Fornaio,ICEHOUSE,11.75,
Il Fornaio,Michelob Amber Bock,3.25,
Il Fornaio,Samuel Adams Utopias,17.75,
Il Fornaio,Avery Rumpkin,23.0,
Il Fornaio,Lagunitas Brown Shugga,0.25,
Il Fornaio,Highland Cold Mountain Winter Ale,0.25,
Il Fornaio,Wicked Weed Serenity,4.75,
Il Fornaio,Southpaw Light,8.0,
Il Fornaio,Wicked Weed Serenity,4.75,
Il Fornaio,Avery Mephistopheles Stout,24.99,
Il Fornaio,Rogue Shakespeare Oatmeal Stout,14.5,
Il Fornaio,New Belgium Fat Tire,1.75,
Julep,Dark Horse Plead the 5th,18.25,
Julep,Ten Fidy,0.0,
Julep,Alpine Great,24.0,
Julep,Sierra Nevada Bigfoot Barleywine-Style Ale,9.75,
Julep,Green Flash Hop Head Red,24.0,
Julep,Firestone Walker Parabola,6.99,
Julep,Revolution Anti-Hero IPA,23.75,
Julep,Blue Moon,18.5,
Julep,Haymarket Angry Birds Rye IPA,26.75,
Julep,Zima,15.0,
Kask,Surly Brewing Darkness,28.25,
Kask,Jolly Pumpkin La Roja,11.75,
Kask,Hefeweizen Doppelbock,10.5,
Kask,Bud,16.75,
Kask,Goose Island Bourbon County Stout,28.99,
Kask,Jolly Pumpkin La Roja,11.75,
Kask,ICEHOUSE,11.75,
Kask,Allagash White,28.75,
Kask,Wicked Weed Serenity,4.75,
Kask,Ten Fidy,0.0,
Kask,Original Premium,11.25,
Kask,Alpine Great,24.0,
Kask,Avery Mephistopheles Stout,24.99,
Kask,Capital Autumnal Fire Doppelbock,10.25,
King Cole Bar,Russian River Blind Pig IPA,16.99,
King Cole Bar,21st Amendment Bitter American¾,28.99,
King Cole Bar,Russian River Supplication,1.75,
King Cole Bar,Founders Redâ€™s Rye,8.99,
King Cole Bar,Revolution Anti-Hero IPA,23.75,
King Cole Bar,Great Lakes Edmund Fitzgerald Porter,9.25,
King Cole Bar,Bud,16.75,
King Cole Bar,Jai Alai IPA,22.0,
King Cole Bar,Original Premium Lager Dog,5.25,
Kon Tiki Restaurant Lounge,Original Premium Lager,15.5,
Kon Tiki Restaurant Lounge,Sierra Nevada Bigfoot Barleywine-Style Ale,9.75,
Kon Tiki Restaurant Lounge,Hefeweizen,16.75,
Kon Tiki Restaurant Lounge,Michelob ULTRA,10.75,
Kon Tiki Restaurant Lounge,Lost Abbey Duck Duck Gooze,19.5,
Kon Tiki Restaurant Lounge,ICEHOUSE,11.75,
Kon Tiki Restaurant Lounge,New Belgium Fat Tire,1.75,
Kon Tiki Restaurant Lounge,Ten Fidy,0.0,
Kon Tiki Restaurant Lounge,Sauza Diablo,18.75,
Kon Tiki Restaurant Lounge,Allagash Curieux,20.5,
Kon Tiki Restaurant Lounge,Firestone Walker Velvet Merkin¾,9.75,
Kon Tiki Restaurant Lounge,North Coast Old Rasputin,1.5,
Kon Tiki Restaurant Lounge,Sierra Nevada Bigfoot Barleywine-Style Ale,9.75,
Leyenda,Foothills Brewing Sexual Chocolate,24.0,
Leyenda,Goose Island Bourbon County Stout,28.99,
Leyenda,Original Premium Lager Dog,5.25,
Leyenda,Avery Mephistopheles Stout,24.99,
Leyenda,Russian River Supplication,1.75,
Leyenda,TrÃ¶egs Nugget Nectar,11.75,
Leyenda,Green Flash Hop Head Red,24.0,
Lost Lake,Widmer Brothers Hefeweizen,25.25,
Lost Lake,Budweiser,1.25,
Lost Lake,Zima Citrus,6.99,
Lost Lake,Troegs Mad Elf,7.0,
Lost Lake,Hefeweizen,16.75,
Lost Lake,North Coast Old Rasputin,1.5,
Lost Lake,Wild Heaven Eschaton,4.5,
Lost Lake,Russian River Supplication,1.75,
Lost Lake,Foothills Brewing Sexual Chocolate,24.0,
Lost Lake,Breckenridge Vanilla Porter,28.5,
Lost Lake,The Bruery Sans Pagaie,25.99,
Lost Lake,Firestone Walker Velvet Merkin¾,9.75,
Lost Lake,Schlafly Pumpkin Ale,0.99,
Lost Lake,Alpine Duet IPA,11.5,
Mace ,Funky Buddha Maple Bacon Coffee Porter,22.75,
Mace ,Founders KBS (Kentucky Breakfast Stout),4.99,
Mace ,Three Floyds Zombie Dust,6.99,
Mace ,Michelob ULTRA,10.75,
Mace ,Southpaw Light,8.0,
Mace ,Firestone Walker Velvet Merkin¾,9.75,
Mace ,The Bruery Saison Rue,1.99,
Mace ,New Belgium Fat Tire,1.75,
Mace ,Zima Citrus,6.99,
Mace ,Russian River Supplication,1.75,
Mace ,Samuel Adams Utopias,17.75,
Mai Tai Bar,Cascade Brewing Apricot Ale,2.75,
Mai Tai Bar,Bellâ€™s Two Hearted,17.99,
Mai Tai Bar,Brewery Ommegang Three Philosophers,5.5,
Mai Tai Bar,Half Acre Daisy Cutter,2.0,
Mai Tai Bar,Three Floyds Zombie Dust,6.99,
Mai Tai Bar,Dale's Pale Ale,10.5,
Mai Tai Bar,Jai Alai IPA,22.0,
Mai Tai Bar,Extra Gold,19.25,
Marvel Bar,Craftsman Cabernale,27.0,
Marvel Bar,New Belgium Lips of Faith La Folie,17.5,
Marvel Bar,Fullsteam Carver,19.0,
Marvel Bar,AleSmith Horny Devil,26.75,
Marvel Bar,Wild Heaven Eschaton,4.5,
Marvel Bar,New Belgium Fat Tire,1.75,
Marvel Bar,Avery Mephistopheles Stout,24.99,
Marvel Bar,Breckenridge Vanilla Porter,28.5,
Marvel Bar,Extra Gold,19.25,
Marvel Bar,Boulevard Tank 7,27.0,
Marvel Bar,Michelob Golden Draft,1.99,
McMahon's Public House,Michelob Golden Draft Light,27.75,
McMahon's Public House,AleSmith Horny Devil,26.75,
McMahon's Public House,Sierra Nevada Pale Ale,8.75,
McMahon's Public House,Capital Autumnal Fire Doppelbock,10.25,
McMahon's Public House,ICEHOUSE,11.75,
McMahon's Public House,Firestone Walker Union Jack IPA,17.5,
McMahon's Public House,Ballast Point Sculpin,10.5,
McMahon's Public House,Russian River Supplication,1.75,
McMahon's Public House,Sierra Nevada Pale Ale,8.75,
McMahon's Public House,Hefeweizen Doppelbock,10.5,
McMahon's Public House,Troegs Mad Elf,7.0,
McMahon's Public House,Deschutes Black Butte Porter,14.25,
McMahon's Public House,Hill Farmstead Everett Porter,27.25,
McMahon's Public House,Smuttynose Finest Kind IPA,14.75,
McMahon's Public House,Ballast Point Sculpin,10.5,
McMahon's Public House,Lagunitas IPA,20.0,
Milk Room,Schlafly Pumpkin Ale,0.99,
Milk Room,North Coast Old Rasputin,1.5,
Milk Room,Boulevard Tank 7,27.0,
Milk Room,New Holland Dragonâ€™s Milk,4.75,
Milk Room,Wild Heaven Eschaton,4.5,
Milk Room,Russian River Pliny the Elder,18.25,
Milk Room,DC Brau On the Wings Of Armageddon,14.99,
Million Dollar Cowboy Bar,Anchor Steam Beer,14.99,
Million Dollar Cowboy Bar,Michelob Golden Draft Light,27.75,
Million Dollar Cowboy Bar,Great Lakes Edmund Fitzgerald Porter,9.25,
Million Dollar Cowboy Bar,Haymarket Angry Birds Rye IPA,26.75,
Million Dollar Cowboy Bar,Wicked Weed Serenity,4.75,
Million Dollar Cowboy Bar,Hefeweizen Doppelbock,10.5,
Million Dollar Cowboy Bar,New Glarus Brewing Serendipity¾,3.75,
Million Dollar Cowboy Bar,Three Floyds Zombie Dust,6.99,
Million Dollar Cowboy Bar,Firestone Walker Velvet Merkin¾,9.75,
Million Dollar Cowboy Bar,Bellâ€™s Hop Slam,24.25,
Million Dollar Cowboy Bar,TrÃ¶egs Nugget Nectar,11.75,
Million Dollar Cowboy Bar,Hefeweizen Doppelbock,10.5,
Million Dollar Cowboy Bar,Blue Moon,18.5,
Million Dollar Cowboy Bar,TrÃ¶egs Nugget Nectar,11.75,
Molly's Shebeen,DC Brau On the Wings Of Armageddon,14.99,
Molly's Shebeen,Allagash White,28.75,
Molly's Shebeen,Sierra Nevada Pale Ale,8.75,
Molly's Shebeen,Zima,15.0,
Molly's Shebeen,Michelob Golden Draft Light,27.75,
Molly's Shebeen,Allagash Curieux,20.5,
Molly's Shebeen,Green Flash Palate Wrecker,3.0,
Molly's Shebeen,Russian River Pliny the Elder,18.25,
Molly's Shebeen,Kern River Brewing Citra DIPA,20.75,
Molly's Shebeen,Brooklyn Brewery Lager,14.99,
Molly's Shebeen,Samuel Adams Utopias,17.75,
Multnomah Whiskey Library,Widmer Brothers Hefeweizen,25.25,
Multnomah Whiskey Library,Sam Adams Boston Lager,26.0,
Multnomah Whiskey Library,Bellâ€™s Hop Slam,24.25,
Multnomah Whiskey Library,Hefeweizen,16.75,
Multnomah Whiskey Library,Haymarket Angry Birds Rye IPA,26.75,
Multnomah Whiskey Library,NoDa Hop Drop n Roll,18.0,
Multnomah Whiskey Library,Troegs Mad Elf,7.0,
Multnomah Whiskey Library,The Alchemist Heady Topper,14.5,
Multnomah Whiskey Library,Hair of the Dog Adam,16.5,
Multnomah Whiskey Library,Jai Alai IPA,22.0,
Multnomah Whiskey Library,Extra Gold,19.25,
Multnomah Whiskey Library,Smuttynose Finest Kind IPA,14.75,
Multnomah Whiskey Library,Victory Prima Pils,2.0,
Multnomah Whiskey Library,Michelob ULTRA,10.75,
Multnomah Whiskey Library,Hill Farmstead Abner,7.5,
Multnomah Whiskey Library,Michelob ULTRA,10.75,
Multnomah Whiskey Library,Troegs Mad Elf,7.0,
Multnomah Whiskey Library,Highland Cold Mountain Winter Ale,0.25,
No Vacancy at the Juniper Hotel,Jolly Pumpkin La Roja,11.75,
No Vacancy at the Juniper Hotel,Samuel Adams Utopias,17.75,
No Vacancy at the Juniper Hotel,Cascade Brewing Apricot Ale,2.75,
No Vacancy at the Juniper Hotel,Troegs Mad Elf,7.0,
No Vacancy at the Juniper Hotel,Stone Enjoy Byâ€¦ IPA,19.75,
No Vacancy at the Juniper Hotel,Zima Citrus,6.99,
No Vacancy at the Juniper Hotel,Brooklyn Brewery Lager,14.99,
No Vacancy at the Juniper Hotel,Original Premium Lager,15.5,
No Vacancy at the Juniper Hotel,Stone IPA,21.75,
No Vacancy at the Juniper Hotel,Great Lakes Edmund Fitzgerald Porter,9.25,
No Vacancy at the Juniper Hotel,Killian's,11.25,
No Vacancy at the Juniper Hotel,Wild Heaven Eschaton,4.5,
No Vacancy at the Juniper Hotel,Westbrook Gose,17.99,
No Vacancy at the Juniper Hotel,The Bruery Sans Pagaie,25.99,
No Vacancy at the Juniper Hotel,Haymarket Angry Birds Rye IPA,26.75,
Occidental,New Glarus Brewing Serendipity¾,3.75,
Occidental,Fullsteam Carver,19.0,
Occidental,New Glarus Brewing Serendipity¾,3.75,
Occidental,Brewery Ommegang Three Philosophers,5.5,
Occidental,Russian River Blind Pig IPA,16.99,
Occidental,Lagunitas IPA,20.0,
Occidental,The Alchemist Heady Topper,14.5,
Occidental,Sam Adams Boston Lager,26.0,
Occidental,Bud,16.75,
Occidental,Firestone Walker Velvet Merkin¾,9.75,
Occidental,Avery Uncle Jacobâ€™s Stout,24.75,
Occidental,Sauza Diablo,18.75,
Old Ebbitt Grill,Smuttynose Finest Kind IPA,14.75,
Old Ebbitt Grill,New Belgium Lips of Faith La Folie,17.5,
Old Ebbitt Grill,Rogue Shakespeare Oatmeal Stout,14.5,
Old Ebbitt Grill,Hair of the Dog Adam,16.5,
Old Ebbitt Grill,Odell 90 Shilling Ale,27.75,
Old Ebbitt Grill,Three Floyds Dark Lord,9.75,
Old Ebbitt Grill,Saint Arnold Fancy Lawnmower,0.0,
Old Ebbitt Grill,Fullsteam Carver,19.0,
Old Ebbitt Grill,Michelob Golden Draft,1.99,
Old Ebbitt Grill,Avery Mephistopheles Stout,24.99,
Old Ebbitt Grill,Pipeworks Citra,29.25,
PX,Dale's Pale Ale,10.5,
PX,Allagash Curieux,20.5,
PX,Budweiser,1.25,
PX,Cigar City Hanaphu Imperial Stout,2.75,
PX,Widmer Brothers Hefeweizen,25.25,
PX,Sauza Diablo,18.75,
PX,Zima Citrus,6.99,
PX,Ten Fidy,0.0,
PX,Lagunitas Brown Shugga,0.25,
PX,Half Acre Daisy Cutter,2.0,
PX,The Bruery Saison Rue,1.99,
PX,NoDa Hop Drop n Roll,18.0,
PX,Kern River Brewing Citra DIPA,20.75,
PX,Toppling Goliath PseudoSue,21.0,
PX,Upslope Brown Ale,28.25,
PX,Green Flash Palate Wrecker,3.0,
PX,Jai Alai IPA,22.0,
Polite Provisions,Brewery Ommegang Three Philosophers,5.5,
Polite Provisions,Michelob Amber Bock,3.25,
Polite Provisions,Jolly Pumpkin La Roja,11.75,
Polite Provisions,Southpaw Light,8.0,
Polite Provisions,Toppling Goliath PseudoSue,21.0,
Polite Provisions,Stone Enjoy Byâ€¦ IPA,19.75,
Polite Provisions,Alpine Duet IPA,11.5,
Polite Provisions,Avery Rumpkin,23.0,
Polite Provisions,Three Floyds Zombie Dust,6.99,
Prairie School,Widmer Brothers Hefeweizen,25.25,
Prairie School,Saint Arnold Fancy Lawnmower,0.0,
Prairie School,Lost Abbey Duck Duck Gooze,19.5,
Prairie School,Extra Gold,19.25,
Prairie School,Zima Citrus,6.99,
Prairie School,Kern River Brewing Citra DIPA,20.75,
Prairie School,Alpine Great,24.0,
Prairie School,Perennial Artisan Ales Abraxas Imperial Stout,10.5,
Prairie School,Michelob ULTRA,10.75,
Prizefighter,Perennial Artisan Ales Abraxas Imperial Stout,10.5,
Prizefighter,Victory Prima Pils,2.0,
Prizefighter,Foothills Brewing Sexual Chocolate,24.0,
Prizefighter,Sierra Nevada Pale Ale,8.75,
Prizefighter,Firestone Walker Parabola,6.99,
Prizefighter,Half Acre Daisy Cutter,2.0,
Prizefighter,Capital Autumnal Fire Doppelbock,10.25,
Prizefighter,Kern River Brewing Citra DIPA,20.75,
Prizefighter,Great Divide Yeti,1.0,
Prizefighter,Hill Farmstead Everett Porter,27.25,
Prizefighter,Surly Brewing Darkness,28.25,
Prizefighter,Hair of the Dog Adam,16.5,
Prizefighter,Schlafly Pumpkin Ale,0.99,
Prizefighter,Perennial Artisan Ales Abraxas Imperial Stout,10.5,
Prizefighter,Goose Island Bourbon County Stout,28.99,
Proof,Westbrook Gose,17.99,
Proof,Lagunitas Brown Shugga,0.25,
Proof,Perennial Artisan Ales Abraxas Imperial Stout,10.5,
Proof,Hill Farmstead Everett Porter,27.25,
Proof,Wicked Weed Serenity,4.75,
Proof,NoDa Hop Drop n Roll,18.0,
Proof,Firestone Walker Wookey Jack,5.0,
Proof,Left Hand Milk Stout Nitro,8.25,
Proof,Westbrook Gose,17.99,
Proof,Hefeweizen Doppelbock,10.5,
ROKC,Blue Moon,18.5,
ROKC,AleSmith Horny Devil,26.75,
ROKC,Hill Farmstead Abner,7.5,
ROKC,Anchor Steam Beer,14.99,
ROKC,Lagunitas Brown Shugga,0.25,
ROKC,Green Flash Palate Wrecker,3.0,
ROKC,Founders Breakfast Stout,4.25,
ROKC,Terrapin Wake n Bake,19.99,
ROKC,Stone Enjoy Byâ€¦ IPA,19.75,
ROKC,DC Brau On the Wings Of Armageddon,14.99,
ROKC,Terrapin Wake n Bake,19.99,
ROKC,Sierra Nevada Bigfoot Barleywine-Style Ale,9.75,
ROKC,Killian's,11.25,
Range,Lagunitas Brown Shugga,0.25,
Range,Budweiser,1.25,
Range,Lagunitas Brown Shugga,0.25,
Range,Wild Heaven Eschaton,4.5,
Range,The Alchemist Heady Topper,14.5,
Range,Jester King Boxerâ€™s Revenge,4.99,
Range,Perennial Artisan Ales Abraxas Imperial Stout,10.5,
Range,Hill Farmstead Everett Porter,27.25,
Range,New Belgium Fat Tire,1.75,
Range,Schlafly Pumpkin Ale,0.99,
Range,The Bruery Saison Rue,1.99,
Range,Smuttynose Finest Kind IPA,14.75,
Range,DC Brau On the Wings Of Armageddon,14.99,
Range,The Alchemist Heady Topper,14.5,
Raven & Rose,Founders Breakfast Stout,4.25,
Raven & Rose,Bellâ€™s Two Hearted,17.99,
Raven & Rose,Jai Alai IPA,22.0,
Raven & Rose,Sam Adams Boston Lager,26.0,
Raven & Rose,The Alchemist Focal Banger,13.0,
Raven & Rose,Funky Buddha Maple Bacon Coffee Porter,22.75,
Raven & Rose,Gigantic IPA,12.0,
Raven & Rose,Troegs Mad Elf,7.0,
Raven & Rose,AleSmith Horny Devil,26.75,
Red Key Tavern,Gigantic IPA,12.0,
Red Key Tavern,Jai Alai IPA,22.0,
Red Key Tavern,Jolly Pumpkin La Roja,11.75,
Red Key Tavern,Sierra Nevada Pale Ale,8.75,
Red Key Tavern,NoDa Hop Drop n Roll,18.0,
Red Key Tavern,Terrapin Wake n Bake,19.99,
Red Key Tavern,Jester King Boxerâ€™s Revenge,4.99,
Red Key Tavern,Great Lakes Edmund Fitzgerald Porter,9.25,
Red Key Tavern,Rogue Shakespeare Oatmeal Stout,14.5,
Red Key Tavern,Michelob ULTRA,10.75,
Red Key Tavern,Firestone Walker Parabola,6.99,
Red Key Tavern,Michelob Amber Bock,3.25,
Room 11,Bud,16.75,
Room 11,Westbrook Gose,17.99,
Room 11,Southpaw Light,8.0,
Room 11,Firestone Walker Wookey Jack,5.0,
Room 11,Original Premium Lager Dog,5.25,
Room 11,Great Divide Yeti,1.0,
Room 11,Funky Buddha Maple Bacon Coffee Porter,22.75,
Room 11,Dale's Pale Ale,10.5,
Room 11,Lagunitas Brown Shugga,0.25,
Room 11,North Coast Old Rasputin,1.5,
Room 11,Zima,15.0,
Room 11,Southpaw Light,8.0,
Room 11,Three Floyds Zombie Dust,6.99,
Room 11,Alpine Duet IPA,11.5,
Room 11,Hill Farmstead Everett Porter,27.25,
Room 11,North Coast Old Rasputin,1.5,
Room 11,Creamy Dark,28.25,
Salty Dawg Saloon,TrÃ¶egs Nugget Nectar,11.75,
Salty Dawg Saloon,Anchor Steam Beer,14.99,
Salty Dawg Saloon,Russian River Supplication,1.75,
Salty Dawg Saloon,Great Divide Yeti,1.0,
Salty Dawg Saloon,Terrapin Wake n Bake,19.99,
Salty Dawg Saloon,Firestone Walker Parabola,6.99,
Salty Dawg Saloon,Terrapin Wake n Bake,19.99,
Salty Dawg Saloon,Toppling Goliath PseudoSue,21.0,
Salty Dawg Saloon,Odell 90 Shilling Ale,27.75,
Salty Dawg Saloon,Firestone Walker Parabola,6.99,
Salty Dawg Saloon,Toppling Goliath PseudoSue,21.0,
Sassafras Saloon,Wicked Weed Serenity,4.75,
Sassafras Saloon,Brewery Ommegang Three Philosophers,5.5,
Sassafras Saloon,The Bruery Saison Rue,1.99,
Sassafras Saloon,Upslope Brown Ale,28.25,
Sassafras Saloon,Foothills Brewing Sexual Chocolate,24.0,
Sassafras Saloon,Upslope Brown Ale,28.25,
Sassafras Saloon,Victory Prima Pils,2.0,
Sassafras Saloon,Ten Fidy,0.0,
Sassafras Saloon,Samuel Adams Utopias,17.75,
Sassafras Saloon,Craftsman Cabernale,27.0,
Sassafras Saloon,Funky Buddha Maple Bacon Coffee Porter,22.75,
Sassafras Saloon,Cigar City Hanaphu Imperial Stout,2.75,
Sazerac Bar,Westbrook Mexican Cake,29.25,
Sazerac Bar,Three Floyds Dark Lord,9.75,
Sazerac Bar,Hefeweizen,16.75,
Sazerac Bar,Saint Arnold Fancy Lawnmower,0.0,
Sazerac Bar,Alpine Great,24.0,
Sazerac Bar,New Belgium Lips of Faith La Folie,17.5,
Sazerac Bar,Original Premium Lager Dog,5.25,
Sazerac Bar,Kern River Brewing Citra DIPA,20.75,
Sazerac Bar,Lagunitas Brown Shugga,0.25,
Sazerac Bar,Green Flash Hop Head Red,24.0,
Sazerac Bar,New Glarus Brewing Serendipity¾,3.75,
Seamstress,Original Premium Lager Dog,5.25,
Seamstress,Anchor Steam Beer,14.99,
Seamstress,Breckenridge Vanilla Porter,28.5,
Seamstress,Dale's Pale Ale,10.5,
Seamstress,Stone Enjoy Byâ€¦ IPA,19.75,
Seamstress,Budweiser,1.25,
Seamstress,Founders Redâ€™s Rye,8.99,
Seamstress,Clown Shoes Undead Party Crasher,7.75,
Seamstress,Lagunitas IPA,20.0,
Seamstress,Southpaw Light,8.0,
Seamstress,Perennial Artisan Ales Abraxas Imperial Stout,10.5,
Seamstress,Green Flash Palate Wrecker,3.0,
Seamstress,Sierra Nevada Pale Ale,8.75,
Seamstress,The Alchemist Focal Banger,13.0,
Seven Bamboo,Hill Farmstead Abner,7.5,
Seven Bamboo,Surly Brewing Darkness,28.25,
Seven Bamboo,Bud,16.75,
Seven Bamboo,Pipeworks Citra,29.25,
Seven Bamboo,Saint Arnold Fancy Lawnmower,0.0,
Seven Bamboo,Dale's Pale Ale,10.5,
Seven Bamboo,Lost Abbey Duck Duck Gooze,19.5,
Seven Bamboo,Capital Autumnal Fire Doppelbock,10.25,
Seven Bamboo,Alpine Great,24.0,
Seven Bamboo,NoDa Hop Drop n Roll,18.0,
Seven Bamboo,Founders KBS (Kentucky Breakfast Stout),4.99,
Seven Bamboo,Rogue Shakespeare Oatmeal Stout,14.5,
Seven Bamboo,Blue Moon,18.5,
Seven Bamboo,Bud,16.75,
Seven Bamboo,Widmer Brothers Hefeweizen,25.25,
Seven Bamboo,The Bruery Saison Rue,1.99,
Seven Bamboo,Firestone Walker Wookey Jack,5.0,
Slowly Shirley,Surly Brewing Darkness,28.25,
Slowly Shirley,Hair of the Dog Adam,16.5,
Slowly Shirley,Wicked Weed Serenity,4.75,
Slowly Shirley,Deschutes Black Butte Porter,14.25,
Slowly Shirley,Kern River Brewing Citra DIPA,20.75,
Slowly Shirley,Lagunitas Brown Shugga,0.25,
Slowly Shirley,Lagunitas Brown Shugga,0.25,
Slowly Shirley,Killian's,11.25,
Slowly Shirley,Creamy Dark,28.25,
Slowly Shirley,New Glarus Brewing Serendipity¾,3.75,
Slowly Shirley,Hefeweizen,16.75,
Slowly Shirley,Firestone Walker Parabola,6.99,
Slowly Shirley,The Alchemist Focal Banger,13.0,
Slowly Shirley,Original Premium Lager,15.5,
Social,Boulevard Tank 7,27.0,
Social,Bud,16.75,
Social,Widmer Brothers Hefeweizen,25.25,
Social,Deschutes Black Butte Porter,14.25,
Social,New Holland Dragonâ€™s Milk,4.75,
Social,Firestone Walker Parabola,6.99,
Social,Bud,16.75,
Social,Founders Redâ€™s Rye,8.99,
Social,Rogue Shakespeare Oatmeal Stout,14.5,
Social,Avery Uncle Jacobâ€™s Stout,24.75,
Social,Funky Buddha Maple Bacon Coffee Porter,22.75,
Spilt Milk,New Belgium Lips of Faith La Folie,17.5,
Spilt Milk,Dogfish Head 90 Minute IPA,22.99,
Spilt Milk,Lost Abbey Duck Duck Gooze,19.5,
Spilt Milk,Green Flash Hop Head Red,24.0,
Spilt Milk,21st Amendment Bitter American¾,28.99,
Spilt Milk,Sierra Nevada Bigfoot Barleywine-Style Ale,9.75,
Spilt Milk,North Coast Old Rasputin,1.5,
Spilt Milk,Hair of the Dog Adam,16.5,
Spilt Milk,TrÃ¶egs Nugget Nectar,11.75,
Spilt Milk,Smuttynose Finest Kind IPA,14.75,
Spilt Milk,Sierra Nevada Pale Ale,8.75,
Spilt Milk,Brewery Ommegang Three Philosophers,5.5,
Spirit,Firestone Walker Velvet Merkin¾,9.75,
Spirit,Cascade Brewing Apricot Ale,2.75,
Spirit,Deschutes Black Butte Porter,14.25,
Spirit,Deschutes Black Butte Porter,14.25,
Spirit,Goose Island Bourbon County Stout,28.99,
Spirit,Budweiser,1.25,
Spirit,Russian River Pliny the Elder,18.25,
Spirit,Creamy Dark,28.25,
Spirit,Sierra Nevada Pale Ale,8.75,
Spirit,Zima,15.0,
Spirit,Michelob Amber Bock,3.25,
Spirit,Michelob ULTRA,10.75,
Spirit,Michelob Golden Draft Light,27.75,
Spirit,Ten Fidy,0.0,
Square Grouper Tiki Bar,Westbrook Mexican Cake,29.25,
Square Grouper Tiki Bar,Dogfish Head 90 Minute IPA,22.99,
Square Grouper Tiki Bar,Victory Prima Pils,2.0,
Square Grouper Tiki Bar,Hair of the Dog Adam,16.5,
Square Grouper Tiki Bar,Hill Farmstead Abner,7.5,
Square Grouper Tiki Bar,Jai Alai IPA,22.0,
Square Grouper Tiki Bar,Westbrook Mexican Cake,29.25,
Square Grouper Tiki Bar,Creamy Dark,28.25,
Square Grouper Tiki Bar,Three Floyds Zombie Dust,6.99,
Square Grouper Tiki Bar,Dale's Pale Ale,10.5,
Square Grouper Tiki Bar,Alpine Duet IPA,11.5,
Square Grouper Tiki Bar,The Alchemist Focal Banger,13.0,
Square Grouper Tiki Bar,Westbrook Mexican Cake,29.25,
Square Grouper Tiki Bar,Allagash White,28.75,
Square Grouper Tiki Bar,Westbrook Mexican Cake,29.25,
Sweet Liberty,The Alchemist Focal Banger,13.0,
Sweet Liberty,Ten Fidy,0.0,
Sweet Liberty,Russian River Pliny the Elder,18.25,
Sweet Liberty,Firestone Walker Velvet Merkin¾,9.75,
Sweet Liberty,Russian River Pliny the Elder,18.25,
Sweet Liberty,Russian River Pliny the Elder,18.25,
Sweet Liberty,Ten Fidy,0.0,
Sweet Liberty,Hill Farmstead Abner,7.5,
Sweet Liberty,The Bruery Sans Pagaie,25.99,
Sweet Liberty,Westbrook Gose,17.99,
Sweet Liberty,Goose Island Bourbon County Stout,28.99,
Sweet Liberty,Extra Gold,19.25,
Sweet Liberty,The Bruery Sans Pagaie,25.99,
Sweet Liberty,Lost Abbey Duck Duck Gooze,19.5,
Sweet Liberty,Widmer Brothers Hefeweizen,25.25,
Sweet Liberty,Anchor Steam Beer,14.99,
Sweet Liberty,Green Flash Hop Head Red,24.0,
Sweet Liberty,Russian River Blind Pig IPA,16.99,
Sweet Liberty,Founders Breakfast Stout,4.25,
Taste by Niche,Ten Fidy,0.0,
Taste by Niche,Founders Breakfast Stout,4.25,
Taste by Niche,Russian River Supplication,1.75,
Taste by Niche,Jolly Pumpkin La Roja,11.75,
Taste by Niche,Firestone Walker Velvet Merkin¾,9.75,
Taste by Niche,Wild Heaven Eschaton,4.5,
Taste by Niche,Jai Alai IPA,22.0,
Taste by Niche,North Coast Old Rasputin,1.5,
Taste by Niche,Alpine Great,24.0,
Taste by Niche,NoDa Hop Drop n Roll,18.0,
The Alembic,Green Flash Hop Head Red,24.0,
The Alembic,Three Floyds Dark Lord,9.75,
The Alembic,Bud,16.75,
The Alembic,Avery Rumpkin,23.0,
The Alembic,Sam Adams Boston Lager,26.0,
The Alembic,Capital Autumnal Fire Doppelbock,10.25,
The Alembic,Hefeweizen Doppelbock,10.5,
The Alembic,Victory Prima Pils,2.0,
The Alembic,Alpine Duet IPA,11.5,
The Alembic,Great Lakes Edmund Fitzgerald Porter,9.25,
The Alembic,Alpine Great,24.0,
The Alembic,Original Premium Lager Dog,5.25,
The Alembic,Alpine Duet IPA,11.5,
The Alembic,Boulevard Tank 7,27.0,
The Alembic,Brooklyn Brewery Lager,14.99,
The Alembic,Hefeweizen Doppelbock,10.5,
The Alembic,AleSmith Horny Devil,26.75,
The B-Hive,Firestone Walker Parabola,6.99,
The B-Hive,Jai Alai IPA,22.0,
The B-Hive,The Alchemist Heady Topper,14.5,
The B-Hive,Surly Brewing Darkness,28.25,
The B-Hive,Sauza Diablo,18.75,
The B-Hive,Sierra Nevada Pale Ale,8.75,
The B-Hive,Hair of the Dog Adam,16.5,
The B-Hive,Dale's Pale Ale,10.5,
The B-Hive,Hefeweizen Doppelbock,10.5,
The B-Hive,Odell 90 Shilling Ale,27.75,
The B-Hive,Three Floyds Zombie Dust,6.99,
The Backbeat,Founders KBS (Kentucky Breakfast Stout),4.99,
The Backbeat,Rogue Shakespeare Oatmeal Stout,14.5,
The Backbeat,Great Lakes Edmund Fitzgerald Porter,9.25,
The Backbeat,Michelob ULTRA,10.75,
The Backbeat,The Bruery Sans Pagaie,25.99,
The Backbeat,Stone IPA,21.75,
The Backbeat,Avery Uncle Jacobâ€™s Stout,24.75,
The Backbeat,Hill Farmstead Everett Porter,27.25,
The Baldwin and Sons Trading Co.,Three Floyds Zombie Dust,6.99,
The Baldwin and Sons Trading Co.,Perennial Artisan Ales Abraxas Imperial Stout,10.5,
The Baldwin and Sons Trading Co.,Stolichnaya Citrona,6.75,
The Baldwin and Sons Trading Co.,Firestone Walker Wookey Jack,5.0,
The Baldwin and Sons Trading Co.,Ten Fidy,0.0,
The Baldwin and Sons Trading Co.,Cascade Brewing Apricot Ale,2.75,
The Baldwin and Sons Trading Co.,Allagash White,28.75,
The Baldwin and Sons Trading Co.,Gigantic IPA,12.0,
The Baldwin and Sons Trading Co.,Avery Uncle Jacobâ€™s Stout,24.75,
The Baldwin and Sons Trading Co.,Stone IPA,21.75,
The Baldwin and Sons Trading Co.,Brooklyn Brewery Lager,14.99,
The Baldwin and Sons Trading Co.,Hill Farmstead Everett Porter,27.25,
The Baldwin and Sons Trading Co.,Jester King Boxerâ€™s Revenge,4.99,
The Baldwin and Sons Trading Co.,Wild Heaven Eschaton,4.5,
The Baldwin and Sons Trading Co.,Half Acre Daisy Cutter,2.0,
The Baldwin and Sons Trading Co.,Dark Horse Plead the 5th,18.25,
The Bar Room at the Beekman Hotel,Perennial Artisan Ales Abraxas Imperial Stout,10.5,
The Bar Room at the Beekman Hotel,Lost Abbey Duck Duck Gooze,19.5,
The Bar Room at the Beekman Hotel,Jolly Pumpkin La Roja,11.75,
The Bar Room at the Beekman Hotel,Zima Citrus,6.99,
The Bar Room at the Beekman Hotel,Michelob Golden Draft Light,27.75,
The Bar Room at the Beekman Hotel,Three Floyds Zombie Dust,6.99,
The Bar Room at the Beekman Hotel,The Alchemist Heady Topper,14.5,
The Bar Room at the Beekman Hotel,The Alchemist Heady Topper,14.5,
The Bar Room at the Beekman Hotel,NoDa Hop Drop n Roll,18.0,
The Bar Room at the Beekman Hotel,Half Acre Daisy Cutter,2.0,
The Bella Union,Russian River Supplication,1.75,
The Bella Union,Perennial Artisan Ales Abraxas Imperial Stout,10.5,
The Bella Union,Toppling Goliath PseudoSue,21.0,
The Bella Union,Michelob Golden Draft Light,27.75,
The Bella Union,Founders KBS (Kentucky Breakfast Stout),4.99,
The Bella Union,Three Floyds Zombie Dust,6.99,
The Bella Union,Bellâ€™s Hop Slam,24.25,
The Bella Union,Saint Arnold Fancy Lawnmower,0.0,
The Bella Union,Michelob ULTRA,10.75,
The Bella Union,Revolution Anti-Hero IPA,23.75,
The Bella Union,Zima,15.0,
The Bella Union,Dale's Pale Ale,10.5,
The Bella Union,New Belgium Lips of Faith La Folie,17.5,
The Blank Club,Stolichnaya Citrona,6.75,
The Blank Club,Three Floyds Zombie Dust,6.99,
The Blank Club,Founders KBS (Kentucky Breakfast Stout),4.99,
The Blank Club,Widmer Brothers Hefeweizen,25.25,
The Blank Club,Jai Alai IPA,22.0,
The Blank Club,Creamy Dark,28.25,
The Blank Club,Michelob Golden Draft,1.99,
The Blank Club,Original Premium Lager,15.5,
The Blank Club,Sam Adams Boston Lager,26.0,
The Blank Club,Left Hand Milk Stout Nitro,8.25,
The Capital Bar & Grill,New Belgium Fat Tire,1.75,
The Capital Bar & Grill,Stone IPA,21.75,
The Capital Bar & Grill,Ten Fidy,0.0,
The Capital Bar & Grill,Original Premium Lager,15.5,
The Capital Bar & Grill,Sierra Nevada Pale Ale,8.75,
The Capital Bar & Grill,Green Flash Palate Wrecker,3.0,
The Capital Bar & Grill,Half Acre Daisy Cutter,2.0,
The Capital Bar & Grill,Three Floyds Zombie Dust,6.99,
The Capital Bar & Grill,NoDa Hop Drop n Roll,18.0,
The Capital Bar & Grill,Lagunitas IPA,20.0,
The Capital Bar & Grill,Michelob ULTRA,10.75,
The Capital Bar & Grill,Founders Breakfast Stout,4.25,
The Capital Bar & Grill,Sam Adams Boston Lager,26.0,
The Carousel Bar & Lounge,Firestone Walker Union Jack IPA,17.5,
The Carousel Bar & Lounge,Ballast Point Sculpin,10.5,
The Carousel Bar & Lounge,Rogue Shakespeare Oatmeal Stout,14.5,
The Carousel Bar & Lounge,Zima,15.0,
The Carousel Bar & Lounge,New Belgium Lips of Faith La Folie,17.5,
The Carousel Bar & Lounge,Haymarket Angry Birds Rye IPA,26.75,
The Carousel Bar & Lounge,Samuel Adams Utopias,17.75,
The Dead Rabbit,Michelob Golden Draft,1.99,
The Dead Rabbit,Brewery Ommegang Three Philosophers,5.5,
The Dead Rabbit,Ballast Point Sculpin,10.5,
The Dead Rabbit,Troegs Mad Elf,7.0,
The Dead Rabbit,Hair of the Dog Adam,16.5,
The Dead Rabbit,Southpaw Light,8.0,
The Dead Rabbit,New Holland Dragonâ€™s Milk,4.75,
The Dead Rabbit,The Bruery Saison Rue,1.99,
The Dead Rabbit,Stolichnaya Citrona,6.75,
The Dead Rabbit,Budweiser,1.25,
The Dead Rabbit,Michelob ULTRA,10.75,
The Dubliner,Brewery Ommegang Three Philosophers,5.5,
The Dubliner,Samuel Adams Utopias,17.75,
The Dubliner,Stolichnaya Citrona,6.75,
The Dubliner,Three Floyds Zombie Dust,6.99,
The Dubliner,Original Premium,11.25,
The Dubliner,Widmer Brothers Hefeweizen,25.25,
The Dubliner,Avery Mephistopheles Stout,24.99,
The Dubliner,Schlafly Pumpkin Ale,0.99,
The Dubliner,Three Floyds Dark Lord,9.75,
The Dubliner,New Belgium Lips of Faith La Folie,17.5,
The Dubliner,Clown Shoes Undead Party Crasher,7.75,
The Dubliner,Original Premium Lager,15.5,
The Griswold Inn Tap Room,Firestone Walker Velvet Merkin¾,9.75,
The Griswold Inn Tap Room,Zima,15.0,
The Griswold Inn Tap Room,The Alchemist Focal Banger,13.0,
The Griswold Inn Tap Room,Sam Adams Boston Lager,26.0,
The Griswold Inn Tap Room,TrÃ¶egs Nugget Nectar,11.75,
The Griswold Inn Tap Room,Extra Gold,19.25,
The Griswold Inn Tap Room,Dale's Pale Ale,10.5,
The Griswold Inn Tap Room,Goose Island Bourbon County Stout,28.99,
The Griswold Inn Tap Room,Hill Farmstead Abner,7.5,
The Griswold Inn Tap Room,Cascade Brewing Apricot Ale,2.75,
The Griswold Inn Tap Room,Rogue Shakespeare Oatmeal Stout,14.5,
The Griswold Inn Tap Room,NoDa Hop Drop n Roll,18.0,
The Griswold Inn Tap Room,Cascade Brewing Apricot Ale,2.75,
The Griswold Inn Tap Room,Anchor Steam Beer,14.99,
The Griswold Inn Tap Room,Green Flash Palate Wrecker,3.0,
The Griswold Inn Tap Room,Hefeweizen Doppelbock,10.5,
The Griswold Inn Tap Room,Extra Gold,19.25,
The Griswold Inn Tap Room,Deschutes Black Butte Porter,14.25,
The Griswold Inn Tap Room,Green Flash Palate Wrecker,3.0,
The Griswold Inn Tap Room,Breckenridge Vanilla Porter,28.5,
The Griswold Inn Tap Room,Cascade Brewing Apricot Ale,2.75,
The Hawthorne,Zima,15.0,
The Hawthorne,Kern River Brewing Citra DIPA,20.75,
The Hawthorne,Highland Cold Mountain Winter Ale,0.25,
The Hawthorne,Gigantic IPA,12.0,
The Hawthorne,New Glarus Brewing Serendipity¾,3.75,
The Hawthorne,Alpine Great,24.0,
The Hawthorne,Jai Alai IPA,22.0,
The Hawthorne,Dark Horse Plead the 5th,18.25,
The Hawthorne,Green Flash Hop Head Red,24.0,
The Hawthorne,Haymarket Angry Birds Rye IPA,26.75,
The Hawthorne,Smuttynose Finest Kind IPA,14.75,
The Hawthorne,Great Lakes Edmund Fitzgerald Porter,9.25,
The Hawthorne,Hefeweizen,16.75,
The Hawthorne,Alpine Great,24.0,
The Hawthorne,Firestone Walker Parabola,6.99,
The Hawthorne,Anchor Steam Beer,14.99,
The Hawthorne,Half Acre Daisy Cutter,2.0,
The Kill Devil Club,New Holland Dragonâ€™s Milk,4.75,
The Kill Devil Club,Three Floyds Zombie Dust,6.99,
The Kill Devil Club,Brewery Ommegang Three Philosophers,5.5,
The Kill Devil Club,Original Premium Lager Dog,5.25,
The Kill Devil Club,Founders KBS (Kentucky Breakfast Stout),4.99,
The Kill Devil Club,New Belgium Fat Tire,1.75,
The Kill Devil Club,Avery Mephistopheles Stout,24.99,
The Kill Devil Club,Odell 90 Shilling Ale,27.75,
The Kill Devil Club,Firestone Walker Union Jack IPA,17.5,
The Kill Devil Club,Upslope Brown Ale,28.25,
The Kill Devil Club,Hefeweizen,16.75,
The Kill Devil Club,Anchor Steam Beer,14.99,
The Kill Devil Club,Perennial Artisan Ales Abraxas Imperial Stout,10.5,
The Kill Devil Club,Sierra Nevada Pale Ale,8.75,
The Magdalenae Room,NoDa Hop Drop n Roll,18.0,
The Magdalenae Room,The Alchemist Heady Topper,14.5,
The Magdalenae Room,Founders Breakfast Stout,4.25,
The Magdalenae Room,Revolution Anti-Hero IPA,23.75,
The Magdalenae Room,Avery Mephistopheles Stout,24.99,
The Magdalenae Room,The Alchemist Heady Topper,14.5,
The Magdalenae Room,Alpine Great,24.0,
The Magdalenae Room,Jai Alai IPA,22.0,
The Magdalenae Room,Highland Cold Mountain Winter Ale,0.25,
The Magdalenae Room,Highland Cold Mountain Winter Ale,0.25,
The Magdalenae Room,Avery Mephistopheles Stout,24.99,
The Magdalenae Room,Perennial Artisan Ales Abraxas Imperial Stout,10.5,
The Magdalenae Room,Avery Uncle Jacobâ€™s Stout,24.75,
The Magdalenae Room,Bellâ€™s Two Hearted,17.99,
The Magdalenae Room,Firestone Walker Union Jack IPA,17.5,
The Office,Founders KBS (Kentucky Breakfast Stout),4.99,
The Office,Bellâ€™s Hop Slam,24.25,
The Office,Brewery Ommegang Three Philosophers,5.5,
The Office,Craftsman Cabernale,27.0,
The Office,The Bruery Saison Rue,1.99,
The Office,Deschutes Black Butte Porter,14.25,
The Office,Fullsteam Carver,19.0,
The Office,Deschutes Black Butte Porter,14.25,
The Office,Haymarket Angry Birds Rye IPA,26.75,
The Office,Funky Buddha Maple Bacon Coffee Porter,22.75,
The Old Seelbach Bar,Saint Arnold Fancy Lawnmower,0.0,
The Old Seelbach Bar,Victory Prima Pils,2.0,
The Old Seelbach Bar,Zima Citrus,6.99,
The Old Seelbach Bar,Bellâ€™s Hop Slam,24.25,
The Old Seelbach Bar,Anchor Steam Beer,14.99,
The Old Seelbach Bar,The Alchemist Focal Banger,13.0,
The Old Seelbach Bar,The Alchemist Focal Banger,13.0,
The Old Seelbach Bar,Ten Fidy,0.0,
The Old Seelbach Bar,ICEHOUSE,11.75,
The Old Seelbach Bar,North Coast Old Rasputin,1.5,
The Old Seelbach Bar,Sauza Diablo,18.75,
The Polo Lounge,New Holland Dragonâ€™s Milk,4.75,
The Polo Lounge,21st Amendment Bitter American¾,28.99,
The Polo Lounge,New Glarus Brewing Serendipity¾,3.75,
The Polo Lounge,The Bruery Saison Rue,1.99,
The Polo Lounge,Pipeworks Citra,29.25,
The Polo Lounge,Michelob Amber Bock,3.25,
The Polo Lounge,Craftsman Cabernale,27.0,
The Polo Lounge,Bellâ€™s Hop Slam,24.25,
The Polo Lounge,Stolichnaya Citrona,6.75,
The Polo Lounge,Jai Alai IPA,22.0,
The Polo Lounge,Michelob Amber Bock,3.25,
The Polo Lounge,Michelob ULTRA,10.75,
The Polo Lounge,Jolly Pumpkin La Roja,11.75,
The Silver Dollar,Westbrook Mexican Cake,29.25,
The Silver Dollar,Extra Gold,19.25,
The Silver Dollar,Stolichnaya Citrona,6.75,
The Silver Dollar,Hill Farmstead Abner,7.5,
The Silver Dollar,NoDa Hop Drop n Roll,18.0,
The Silver Dollar,Wild Heaven Eschaton,4.5,
The Silver Dollar,Left Hand Milk Stout Nitro,8.25,
The Silver Dollar,Hefeweizen Doppelbock,10.5,
The Silver Dollar,Anchor Steam Beer,14.99,
The Silver Dollar,Allagash Curieux,20.5,
The Silver Dollar,Westbrook Mexican Cake,29.25,
The Silver Dollar,Avery Uncle Jacobâ€™s Stout,24.75,
The Silver Dollar,Founders Breakfast Stout,4.25,
The Silver Dollar,Founders Breakfast Stout,4.25,
The Sound Table,The Alchemist Heady Topper,14.5,
The Sound Table,AleSmith Horny Devil,26.75,
The Sound Table,Stone IPA,21.75,
The Sound Table,Avery Mephistopheles Stout,24.99,
The Sound Table,Allagash Curieux,20.5,
The Sound Table,Revolution Anti-Hero IPA,23.75,
The Sound Table,Russian River Pliny the Elder,18.25,
The Sound Table,Hill Farmstead Abner,7.5,
The Sound Table,ICEHOUSE,11.75,
The Sound Table,Lagunitas Brown Shugga,0.25,
The Upstairs Bar at City Grocery,Funky Buddha Maple Bacon Coffee Porter,22.75,
The Upstairs Bar at City Grocery,Wild Heaven Eschaton,4.5,
The Upstairs Bar at City Grocery,Green Flash Hop Head Red,24.0,
The Upstairs Bar at City Grocery,Smuttynose Finest Kind IPA,14.75,
The Upstairs Bar at City Grocery,Zima,15.0,
The Velvet Tango Room,New Holland Dragonâ€™s Milk,4.75,
The Velvet Tango Room,Michelob ULTRA,10.75,
The Velvet Tango Room,Original Premium,11.25,
The Velvet Tango Room,Allagash White,28.75,
The Velvet Tango Room,Budweiser,1.25,
The Velvet Tango Room,Zima,15.0,
The Velvet Tango Room,Haymarket Angry Birds Rye IPA,26.75,
The Velvet Tango Room,Craftsman Cabernale,27.0,
The Velvet Tango Room,Extra Gold,19.25,
The Velvet Tango Room,Foothills Brewing Sexual Chocolate,24.0,
The Velvet Tango Room,Jai Alai IPA,22.0,
The Violet Hour,Green Flash Hop Head Red,24.0,
The Violet Hour,Sauza Diablo,18.75,
The Violet Hour,Jolly Pumpkin La Roja,11.75,
The Violet Hour,Ballast Point Sculpin,10.5,
The Violet Hour,Three Floyds Zombie Dust,6.99,
The Violet Hour,Green Flash Palate Wrecker,3.0,
The Violet Hour,Founders Breakfast Stout,4.25,
The Violet Hour,Goose Island Bourbon County Stout,28.99,
The Violet Hour,Russian River Supplication,1.75,
The Violet Hour,Original Premium Lager,15.5,
The Violet Hour,Russian River Blind Pig IPA,16.99,
The Violet Hour,Dark Horse Plead the 5th,18.25,
The Violet Hour,Allagash Curieux,20.5,
The Violet Hour,Saint Arnold Fancy Lawnmower,0.0,
The Violet Hour,Jolly Pumpkin La Roja,11.75,
The Wayland,Sierra Nevada Bigfoot Barleywine-Style Ale,9.75,
The Wayland,Lost Abbey Duck Duck Gooze,19.5,
The Wayland,Hill Farmstead Everett Porter,27.25,
The Wayland,Fullsteam Carver,19.0,
The Wayland,Jester King Boxerâ€™s Revenge,4.99,
The Wayland,Dark Horse Plead the 5th,18.25,
The Wayland,Jai Alai IPA,22.0,
The Wayland,Michelob ULTRA,10.75,
The Wayland,Schlafly Pumpkin Ale,0.99,
The Wayland,Schlafly Pumpkin Ale,0.99,
The Wayland,Brewery Ommegang Three Philosophers,5.5,
The Wayland,Capital Autumnal Fire Doppelbock,10.25,
The Wayland,Firestone Walker Parabola,6.99,
The Wayland,Budweiser,1.25,
The Wayland,Boulevard Tank 7,27.0,
The Whining Pig,Cascade Brewing Apricot Ale,2.75,
The Whining Pig,Bud,16.75,
The Whining Pig,New Belgium Lips of Faith La Folie,17.5,
The Whining Pig,Alpine Great,24.0,
The Whining Pig,Troegs Mad Elf,7.0,
The Whining Pig,Avery Rumpkin,23.0,
The Whining Pig,Founders KBS (Kentucky Breakfast Stout),4.99,
The Whining Pig,Cigar City Hanaphu Imperial Stout,2.75,
The Whining Pig,Victory Prima Pils,2.0,
The Whining Pig,Alpine Great,24.0,
Tiki-Ti ,Fullsteam Carver,19.0,
Tiki-Ti ,Victory Prima Pils,2.0,
Tiki-Ti ,Blue Moon,18.5,
Tiki-Ti ,Victory Prima Pils,2.0,
Tiki-Ti ,New Belgium Fat Tire,1.75,
Tiki-Ti ,Left Hand Milk Stout Nitro,8.25,
Tiki-Ti ,21st Amendment Bitter American¾,28.99,
Tiki-Ti ,Allagash White,28.75,
Tiki-Ti ,Smuttynose Finest Kind IPA,14.75,
Tiki-Ti ,Jai Alai IPA,22.0,
Tiki-Ti ,Hefeweizen Doppelbock,10.5,
Vesper Bar,Blue Moon,18.5,
Vesper Bar,Goose Island Bourbon County Stout,28.99,
Vesper Bar,Michelob ULTRA,10.75,
Vesper Bar,Dale's Pale Ale,10.5,
Vesper Bar,Brooklyn Brewery Lager,14.99,
Vesper Bar,Foothills Brewing Sexual Chocolate,24.0,
Vesper Bar,New Glarus Brewing Serendipity¾,3.75,
Vesper Bar,The Alchemist Heady Topper,14.5,
Vesper Bar,Firestone Walker Velvet Merkin¾,9.75,
Vesper Bar,The Bruery Saison Rue,1.99,
Vesper Bar,The Alchemist Heady Topper,14.5,
Vesper Bar,Three Floyds Dark Lord,9.75,
Voodoo,Kern River Brewing Citra DIPA,20.75,
Voodoo,Three Floyds Dark Lord,9.75,
Voodoo,Firestone Walker Parabola,6.99,
Voodoo,Dark Horse Plead the 5th,18.25,
Voodoo,Jester King Boxerâ€™s Revenge,4.99,
Voodoo,Stolichnaya Citrona,6.75,
Voodoo,Michelob Golden Draft,1.99,
Voodoo,Smuttynose Finest Kind IPA,14.75,
Voodoo,Stone Enjoy Byâ€¦ IPA,19.75,
Voodoo,Toppling Goliath PseudoSue,21.0,
Voodoo,Schlafly Pumpkin Ale,0.99,
Voodoo,The Bruery Sans Pagaie,25.99,
Weather Up,Original Premium Lager,15.5,
Weather Up,Southpaw Light,8.0,
Weather Up,Michelob Amber Bock,3.25,
Weather Up,Ballast Point Sculpin,10.5,
Weather Up,Lagunitas IPA,20.0,
Weather Up,Toppling Goliath PseudoSue,21.0,
Weather Up,Troegs Mad Elf,7.0,
Weather Up,Bellâ€™s Two Hearted,17.99,
Weather Up,Blue Moon,18.5,
Weather Up,Founders Breakfast Stout,4.25,
Weather Up,Revolution Anti-Hero IPA,23.75,
Weather Up,Allagash White,28.75,
Weather Up,Founders Redâ€™s Rye,8.99,
